id,stock_id,ticker,issuer_name,insider_name,role,transaction_type,shares,price,value,date,filing_date,ownership_before,ownership_after,ownership_change_pct,direct_ownership,purpose,source_url,score,score_reasons,rvol,is_buyback,insider_win_rate,price_history,filing_hash,date_inferred,confidence,created_at
"48","40","TPIA","","RAYMOND","DIREKTUR","BUY","625000","2660","1662500000","2026-05-20","2026-05-20","3300000","3925000","18.939394","true","null","https://www.idx.co.id/StaticData/NewsAndAnnouncement/ANNOUNCEMENTSTOCK/From_KSEI/LK-20052026-3394-00.pdf-0.pdf","13","[""DIREKTUR Buy (+3)"", ""Large Value (+3)"", ""Direct Ownership (+1)"", ""Significant Stake Increase >10% (+2)"", ""Extreme Volume Sigma 6.52x (+4)""]","6.52","false","null","[4300.0, 4300.0, 3660.0, 3120.0, 2660.0]","null","true","0.8","2026-05-20T16:08:50.598326+00:00"
"62","68","BULL","","WONG KEVIN","DIREKTUR","BUY","2000000","408","816000000","2026-05-20","2026-05-20","342837950","344837950","0.583366","true","null","https://www.idx.co.id/StaticData/NewsAndAnnouncement/ANNOUNCEMENTSTOCK/From_KSEI/LK-20052026-3826-00.pdf-0.pdf","7","[""DIREKTUR Buy (+3)"", ""Significant Value (+2)"", ""Direct Ownership (+1)"", ""Follow-on Accumulation (+1)""]","0.85","false","null","[468.0, 468.0, 438.0, 402.0, 408.0]","null","true","0.8","2026-05-20T16:10:04.179279+00:00"
"61","68","BULL","","WONG KEVIN","DIREKTUR","BUY","2000000","408","816000000","2026-05-20","2026-05-20","342837950","344837950","0.583366","true","null","https://www.idx.co.id/StaticData/NewsAndAnnouncement/ANNOUNCEMENTSTOCK/From_KSEI/LK-20052026-3826-00.pdf-0.pdf","7","[""DIREKTUR Buy (+3)"", ""Significant Value (+2)"", ""Direct Ownership (+1)"", ""Follow-on Accumulation (+1)""]","0.85","false","null","[468.0, 468.0, 438.0, 402.0, 408.0]","null","true","0.8","2026-05-20T16:10:03.774220+00:00"
"60","74","DKFT","","PT JINSHENG MINING","","BUY","121557400","670","81443458000","2026-05-20","2026-05-20","3475113878","3596671278","3.49794","true","null","https://www.idx.co.id/StaticData/NewsAndAnnouncement/ANNOUNCEMENTSTOCK/From_KSEI/LK-20052026-7593-00.pdf-0.pdf","6","[""Ultra Large Value (+5)"", ""Direct Ownership (+1)""]","1.08","false","null","[750.0, 750.0, 730.0, 690.0, 670.0]","null","true","0.8","2026-05-20T16:10:01.825812+00:00"
"59","74","DKFT","","PT JINSHENG MINING","","BUY","121557400","670","81443458000","2026-05-20","2026-05-20","3475113878","3596671278","3.49794","true","null","https://www.idx.co.id/StaticData/NewsAndAnnouncement/ANNOUNCEMENTSTOCK/From_KSEI/LK-20052026-7593-00.pdf-0.pdf","6","[""Ultra Large Value (+5)"", ""Direct Ownership (+1)""]","1.08","false","null","[750.0, 750.0, 730.0, 690.0, 670.0]","null","true","0.8","2026-05-20T16:10:01.217468+00:00"
"58","73","BMBL","","GALIH PANDEKAR","DIREKTUR","SELL","2864500","33","94528500","2026-05-20","2026-05-20","98070600","95206100","-2.920855","true","null","https://www.idx.co.id/StaticData/NewsAndAnnouncement/ANNOUNCEMENTSTOCK/From_KSEI/LK-20052026-6962-00.pdf-0.pdf","-2","[""Insider Sell (-2)""]","0.52","false","null","[34.0, 34.0, 33.0, 34.0, 33.0]","null","true","0.8","2026-05-20T16:10:00.414906+00:00"
"57","73","BMBL","","GALIH PANDEKAR","DIREKTUR","SELL","2864500","33","94528500","2026-05-20","2026-05-20","98070600","95206100","-2.920855","true","null","https://www.idx.co.id/StaticData/NewsAndAnnouncement/ANNOUNCEMENTSTOCK/From_KSEI/LK-20052026-6962-00.pdf-0.pdf","-2","[""Insider Sell (-2)""]","0.52","false","null","[34.0, 34.0, 33.0, 34.0, 33.0]","null","true","0.8","2026-05-20T16:09:58.500881+00:00"
"56","73","BMBL","","SENTRA INVESTA MAKSIMA","","SELL","2864500","33","94528500","2026-05-20","2026-05-20","98070600","95206100","-2.920855","true","null","https://www.idx.co.id/StaticData/NewsAndAnnouncement/ANNOUNCEMENTSTOCK/From_KSEI/LK-20052026-6310-00.pdf-0.pdf","-2","[""Insider Sell (-2)""]","0.52","false","null","[34.0, 34.0, 33.0, 34.0, 33.0]","null","true","0.8","2026-05-20T16:09:58.538262+00:00"
"55","73","BMBL","","SENTRA INVESTA MAKSIMA","","SELL","2864500","33","94528500","2026-05-20","2026-05-20","98070600","95206100","-2.920855","true","null","https://www.idx.co.id/StaticData/NewsAndAnnouncement/ANNOUNCEMENTSTOCK/From_KSEI/LK-20052026-6310-00.pdf-0.pdf","-2","[""Insider Sell (-2)""]","0.52","false","null","[34.0, 34.0, 33.0, 34.0, 33.0]","null","true","0.8","2026-05-20T16:09:56.849322+00:00"
"54","71","ASRI","","MAYBANK SEKURITAS INDONESIA","","BUY","145534648","114","16590949872","2026-05-20","2026-05-20","1668737300","1814271948","8.721244","true","null","https://www.idx.co.id/StaticData/NewsAndAnnouncement/ANNOUNCEMENTSTOCK/From_KSEI/LK-20052026-3127-00.pdf-0.pdf","6","[""Ultra Large Value (+5)"", ""Direct Ownership (+1)""]","0.94","false","null","[125.0, 125.0, 121.0, 118.0, 114.0]","null","true","0.8","2026-05-20T16:09:54.921480+00:00"
"53","69","IATA","","MNC ASIA HOLDING TBK","","SELL","306147000","69","21124143000","2026-05-20","2026-05-20","3100257566","2794110566","-9.874889","true","null","https://www.idx.co.id/StaticData/NewsAndAnnouncement/ANNOUNCEMENTSTOCK/From_KSEI/LK-20052026-1321-00.pdf-0.pdf","-4","[""Insider Sell (-2)"", ""Large Value Sell (-2)""]","1.03","false","null","[73.0, 73.0, 74.0, 71.0, 69.0]","null","true","0.8","2026-05-20T16:09:51.003136+00:00"
"52","21","HRUM","","RAY ANTONIO GUNARA","DIREKTUR","BUY","350000","735","257250000","2026-05-20","2026-05-20","2450000","2800000","14.285714","true","null","https://www.idx.co.id/StaticData/NewsAndAnnouncement/ANNOUNCEMENTSTOCK/From_KSEI/LK-20052026-5609-00.pdf-0.pdf","7","[""DIREKTUR Buy (+3)"", ""Standard Value (+1)"", ""Direct Ownership (+1)"", ""Significant Stake Increase >10% (+2)""]","1.53","false","null","[895.0, 895.0, 820.0, 775.0, 735.0]","null","true","0.8","2026-05-20T16:09:43.463859+00:00"
"51","21","HRUM","","RAY ANTONIO GUNARA","DIREKTUR","BUY","350000","735","257250000","2026-05-20","2026-05-20","2450000","2800000","14.285714","true","null","https://www.idx.co.id/StaticData/NewsAndAnnouncement/ANNOUNCEMENTSTOCK/From_KSEI/LK-20052026-5609-00.pdf-0.pdf","7","[""DIREKTUR Buy (+3)"", ""Standard Value (+1)"", ""Direct Ownership (+1)"", ""Significant Stake Increase >10% (+2)""]","1.53","false","null","[895.0, 895.0, 820.0, 775.0, 735.0]","null","true","0.8","2026-05-20T16:09:42.970037+00:00"
"50","40","TPIA","","RAYMOND","DIREKTUR","BUY","625000","2660","1662500000","2026-05-20","2026-05-20","3300000","3925000","18.939394","true","null","https://www.idx.co.id/StaticData/NewsAndAnnouncement/ANNOUNCEMENTSTOCK/From_KSEI/LK-20052026-3394-00.pdf-0.pdf","13","[""DIREKTUR Buy (+3)"", ""Large Value (+3)"", ""Direct Ownership (+1)"", ""Significant Stake Increase >10% (+2)"", ""Extreme Volume Sigma 6.52x (+4)""]","6.52","false","null","[4300.0, 4300.0, 3660.0, 3120.0, 2660.0]","null","true","0.8","2026-05-20T16:08:51.038614+00:00"
"49","40","TPIA","","RAYMOND","DIREKTUR","BUY","625000","2660","1662500000","2026-05-20","2026-05-20","3300000","3925000","18.939394","true","null","https://www.idx.co.id/StaticData/NewsAndAnnouncement/ANNOUNCEMENTSTOCK/From_KSEI/LK-20052026-3394-00.pdf-0.pdf","13","[""DIREKTUR Buy (+3)"", ""Large Value (+3)"", ""Direct Ownership (+1)"", ""Significant Stake Increase >10% (+2)"", ""Extreme Volume Sigma 6.52x (+4)""]","6.52","false","null","[4300.0, 4300.0, 3660.0, 3120.0, 2660.0]","null","true","0.8","2026-05-20T16:08:51.189449+00:00"
"73","44","BJTM","","ARIF SUHIRMAN","DIREKTUR","BUY","1687500","515","869062500","2026-05-19","2026-05-19","3647500","5335000","46.264565","true","null","https://www.idx.co.id/StaticData/NewsAndAnnouncement/ANNOUNCEMENTSTOCK/From_KSEI/LK-19052026-6566-00.pdf-0.pdf","11","[""DIREKTUR Buy (+3)"", ""Significant Value (+2)"", ""Direct Ownership (+1)"", ""Significant Stake Increase >10% (+2)"", ""Small Cluster: 2 Insiders (+3)""]","0.65","false","null","[527.89, 527.89, 523.38, 515.0, 510.0]","null","true","0.8","2026-05-20T16:10:43.082840+00:00"
"63","75","OMED","","LEONARD HARIADI HARTANTO","DIREKTUR","BUY","20000","242","4840000","2026-05-19","2026-05-19","134200","154200","14.90313","true","null","https://www.idx.co.id/StaticData/NewsAndAnnouncement/ANNOUNCEMENTSTOCK/From_KSEI/LK-19052026-7726-00.pdf-0.pdf","6","[""DIREKTUR Buy (+3)"", ""Direct Ownership (+1)"", ""Significant Stake Increase >10% (+2)""]","0.47","false","null","[248.0, 248.0, 246.0, 242.0, 240.0]","null","true","0.8","2026-05-20T16:10:04.470554+00:00"
"64","75","OMED","","LEONARD HARIADI HARTANTO","DIREKTUR","BUY","20000","242","4840000","2026-05-19","2026-05-19","134200","154200","14.90313","true","null","https://www.idx.co.id/StaticData/NewsAndAnnouncement/ANNOUNCEMENTSTOCK/From_KSEI/LK-19052026-7726-00.pdf-0.pdf","6","[""DIREKTUR Buy (+3)"", ""Direct Ownership (+1)"", ""Significant Stake Increase >10% (+2)""]","0.47","false","null","[248.0, 248.0, 246.0, 242.0, 240.0]","null","true","0.8","2026-05-20T16:10:06.286032+00:00"
"65","58","HILL","","HILLCON EQUITY MANAGEMENT","DIREKTUR","SELL","5000000","16","80000000","2026-05-19","2026-05-19","5518729700","5513729700","-0.090601","true","null","https://www.idx.co.id/StaticData/NewsAndAnnouncement/ANNOUNCEMENTSTOCK/From_KSEI/LK-19052026-3764-00.pdf-0.pdf","-2","[""Insider Sell (-2)""]","0.82","false","null","[18.0, 18.0, 17.0, 16.0, 16.0]","null","true","0.8","2026-05-20T16:10:07.653862+00:00"
"66","58","HILL","","HILLCON EQUITY MANAGEMENT","DIREKTUR","SELL","5000000","16","80000000","2026-05-19","2026-05-19","5518729700","5513729700","-0.090601","true","null","https://www.idx.co.id/StaticData/NewsAndAnnouncement/ANNOUNCEMENTSTOCK/From_KSEI/LK-19052026-3764-00.pdf-0.pdf","-2","[""Insider Sell (-2)""]","0.82","false","null","[18.0, 18.0, 17.0, 16.0, 16.0]","null","true","0.8","2026-05-20T16:10:07.736023+00:00"
"67","76","PURA","","CGS INTERNATIONAL SECURITIES SINGAPORE PTE LTD","","BUY","9529400","40","381176000","2026-05-19","2026-05-19","308381700","317911100","3.090131","true","null","https://www.idx.co.id/StaticData/NewsAndAnnouncement/ANNOUNCEMENTSTOCK/From_KSEI/LK-19052026-1800-00.pdf-0.pdf","6","[""Standard Value (+1)"", ""Direct Ownership (+1)"", ""Extreme Volume Sigma 4.28x (+4)""]","4.28","false","null","[34.0, 34.0, 37.0, 40.0, 44.0]","null","true","0.8","2026-05-20T16:10:14.202434+00:00"
"68","76","PURA","","CGS INTERNATIONAL SECURITIES SINGAPORE PTE LTD","","BUY","9529400","40","381176000","2026-05-19","2026-05-19","308381700","317911100","3.090131","true","null","https://www.idx.co.id/StaticData/NewsAndAnnouncement/ANNOUNCEMENTSTOCK/From_KSEI/LK-19052026-1800-00.pdf-0.pdf","6","[""Standard Value (+1)"", ""Direct Ownership (+1)"", ""Extreme Volume Sigma 4.28x (+4)""]","4.28","false","null","[34.0, 34.0, 37.0, 40.0, 44.0]","null","true","0.8","2026-05-20T16:10:14.604686+00:00"
"69","77","WINE","","IDA AYU SOMAWATI","DIREKTUR","BUY","200000","172","34400000","2026-05-19","2026-05-19","2177600","2377600","9.184423","true","null","https://www.idx.co.id/StaticData/NewsAndAnnouncement/ANNOUNCEMENTSTOCK/From_KSEI/LK-19052026-0961-00.pdf-0.pdf","4","[""DIREKTUR Buy (+3)"", ""Direct Ownership (+1)""]","1.12","false","null","[179.0, 179.0, 172.0, 172.0, 171.0]","null","true","0.8","2026-05-20T16:10:23.683896+00:00"
"70","44","BJTM","","UMI RODIYAH","DIREKTUR","BUY","1032000","515","531480000","2026-05-19","2026-05-19","1138300","2170300","90.661513","true","null","https://www.idx.co.id/StaticData/NewsAndAnnouncement/ANNOUNCEMENTSTOCK/From_KSEI/LK-19052026-8144-00.pdf-0.pdf","8","[""DIREKTUR Buy (+3)"", ""Significant Value (+2)"", ""Direct Ownership (+1)"", ""Significant Stake Increase >10% (+2)""]","0.65","false","null","[527.89, 527.89, 523.38, 515.0, 510.0]","null","true","0.8","2026-05-20T16:10:37.263412+00:00"
"71","44","BJTM","","UMI RODIYAH","DIREKTUR","BUY","1032000","515","531480000","2026-05-19","2026-05-19","1138300","2170300","90.661513","true","null","https://www.idx.co.id/StaticData/NewsAndAnnouncement/ANNOUNCEMENTSTOCK/From_KSEI/LK-19052026-8144-00.pdf-0.pdf","8","[""DIREKTUR Buy (+3)"", ""Significant Value (+2)"", ""Direct Ownership (+1)"", ""Significant Stake Increase >10% (+2)""]","0.65","false","null","[527.89, 527.89, 523.38, 515.0, 510.0]","null","true","0.8","2026-05-20T16:10:41.136229+00:00"
"72","44","BJTM","","ARIF SUHIRMAN","DIREKTUR","BUY","1687500","515","869062500","2026-05-19","2026-05-19","3647500","5335000","46.264565","true","null","https://www.idx.co.id/StaticData/NewsAndAnnouncement/ANNOUNCEMENTSTOCK/From_KSEI/LK-19052026-6566-00.pdf-0.pdf","11","[""DIREKTUR Buy (+3)"", ""Significant Value (+2)"", ""Direct Ownership (+1)"", ""Significant Stake Increase >10% (+2)"", ""Small Cluster: 2 Insiders (+3)""]","0.65","false","null","[527.89, 527.89, 523.38, 515.0, 510.0]","null","true","0.8","2026-05-20T16:10:41.761187+00:00"
"74","44","BJTM","","R ARIEF WICAKSONO","DIREKTUR","BUY","860000","515","442900000","2026-05-19","2026-05-19","1858600","2718600","46.271387","true","null","https://www.idx.co.id/StaticData/NewsAndAnnouncement/ANNOUNCEMENTSTOCK/From_KSEI/LK-19052026-8404-00.pdf-0.pdf","12","[""DIREKTUR Buy (+3)"", ""Standard Value (+1)"", ""Direct Ownership (+1)"", ""Significant Stake Increase >10% (+2)"", ""Strong Cluster: 3 Insiders (+5)""]","0.65","false","null","[527.89, 527.89, 523.38, 515.0, 510.0]","null","true","0.8","2026-05-20T16:10:44.165430+00:00"
"75","44","BJTM","","R ARIEF WICAKSONO","DIREKTUR","BUY","860000","515","442900000","2026-05-19","2026-05-19","1858600","2718600","46.271387","true","null","https://www.idx.co.id/StaticData/NewsAndAnnouncement/ANNOUNCEMENTSTOCK/From_KSEI/LK-19052026-8404-00.pdf-0.pdf","12","[""DIREKTUR Buy (+3)"", ""Standard Value (+1)"", ""Direct Ownership (+1)"", ""Significant Stake Increase >10% (+2)"", ""Strong Cluster: 3 Insiders (+5)""]","0.65","false","null","[527.89, 527.89, 523.38, 515.0, 510.0]","null","true","0.8","2026-05-20T16:10:44.941184+00:00"
"77","36","SIDO","","IRWAN HIDAYAT","DIREKTUR","BUY","500000","406","203000000","2026-05-19","2026-05-19","4779400","5279400","10.461564","true","null","https://www.idx.co.id/StaticData/NewsAndAnnouncement/ANNOUNCEMENTSTOCK/From_KSEI/LK-19052026-4471-00.pdf-0.pdf","7","[""DIREKTUR Buy (+3)"", ""Standard Value (+1)"", ""Direct Ownership (+1)"", ""Significant Stake Increase >10% (+2)""]","1.84","false","null","[444.0, 444.0, 416.0, 406.0, 402.0]","null","true","0.8","2026-05-20T16:10:46.769121+00:00"
"76","36","SIDO","","IRWAN HIDAYAT","DIREKTUR","BUY","500000","406","203000000","2026-05-19","2026-05-19","4779400","5279400","10.461564","true","null","https://www.idx.co.id/StaticData/NewsAndAnnouncement/ANNOUNCEMENTSTOCK/From_KSEI/LK-19052026-4471-00.pdf-0.pdf","7","[""DIREKTUR Buy (+3)"", ""Standard Value (+1)"", ""Direct Ownership (+1)"", ""Significant Stake Increase >10% (+2)""]","1.84","false","null","[444.0, 444.0, 416.0, 406.0, 402.0]","null","true","0.8","2026-05-20T16:10:45.651130+00:00"
"78","79","FOLK","","SUMBER GARAM PRATAMA","","SELL","53565600","252","13498531200","2026-05-19","2026-05-19","903330281","849764681","-5.929791","true","null","https://www.idx.co.id/StaticData/NewsAndAnnouncement/ANNOUNCEMENTSTOCK/From_KSEI/LK-19052026-5633-00.pdf-0.pdf","-4","[""Insider Sell (-2)"", ""Large Value Sell (-2)""]","1.11","false","null","[332.0, 332.0, 284.0, 252.0, 250.0]","null","true","0.8","2026-05-20T16:10:50.935582+00:00"
"95","87","HALO","","PROMOSI DESA DIGITAL","","SELL","6221200","82","510138400","2026-05-18","2026-05-18","318462700","312241500","-1.95351","true","null","https://www.idx.co.id/StaticData/NewsAndAnnouncement/ANNOUNCEMENTSTOCK/From_KSEI/LK-18052026-5315-00.pdf-0.pdf","-2","[""Insider Sell (-2)""]","0.14","false","null","[80.0, 80.0, 82.0, 76.0, 75.0]","null","true","0.8","2026-05-20T16:11:09.869377+00:00"
"96","86","HEAL","","DR HASMORO","DIREKTUR","BUY","313000","1000","313000000","2026-05-18","2026-05-18","759475889","759788889","0.041213","true","null","https://www.idx.co.id/StaticData/NewsAndAnnouncement/ANNOUNCEMENTSTOCK/From_KSEI/LK-18052026-4213-00.pdf-0.pdf","5","[""DIREKTUR Buy (+3)"", ""Standard Value (+1)"", ""Direct Ownership (+1)""]","0.33","false","null","[1000.0, 1000.0, 1000.0, 1005.0, 990.0]","null","true","0.8","2026-05-20T16:11:08.017882+00:00"
"90","85","PACK","","PT ECO ENERGI PERKASA","","SELL","6836867700","342","2338208753400","2026-05-18","2026-05-18","19972772382","13135904682","-34.23094","true","null","https://www.idx.co.id/StaticData/NewsAndAnnouncement/ANNOUNCEMENTSTOCK/From_KSEI/LK-18052026-2077-00.pdf-0.pdf","-4","[""Insider Sell (-2)"", ""Large Value Sell (-2)""]","2.16","false","null","[312.0, 312.0, 342.0, 370.0, 334.0]","null","true","0.8","2026-05-20T16:11:05.915699+00:00"
"84","59","CYBR","","PATRICK RUDOLF DANNACHER","DIREKTUR","BUY","1005100","635","638238500","2026-05-18","2026-05-18","233625622","234630722","0.430218","true","null","https://www.idx.co.id/StaticData/NewsAndAnnouncement/ANNOUNCEMENTSTOCK/From_KSEI/LK-18052026-0750-00.pdf-0.pdf","6","[""DIREKTUR Buy (+3)"", ""Significant Value (+2)"", ""Direct Ownership (+1)""]","0.33","false","null","[650.0, 650.0, 635.0, 645.0, 595.0]","null","true","0.8","2026-05-20T16:10:57.227344+00:00"
"81","58","HILL","","HILLCON EQUITY MANAGEMENT","DIREKTUR","SELL","5000000","17","85000000","2026-05-18","2026-05-18","5523729700","5518729700","-0.090519","true","null","https://www.idx.co.id/StaticData/NewsAndAnnouncement/ANNOUNCEMENTSTOCK/From_KSEI/LK-18052026-6771-00.pdf-0.pdf","-2","[""Insider Sell (-2)""]","0.82","false","null","[18.0, 18.0, 17.0, 16.0, 16.0]","null","true","0.8","2026-05-20T16:10:53.864697+00:00"
"80","75","OMED","","YACOBUS JEMMY HARTANTO","DIREKTUR","BUY","3510000","246","863460000","2026-05-18","2026-05-18","255216600","258726600","1.375302","true","null","https://www.idx.co.id/StaticData/NewsAndAnnouncement/ANNOUNCEMENTSTOCK/From_KSEI/LK-18052026-9112-00.pdf-0.pdf","6","[""DIREKTUR Buy (+3)"", ""Significant Value (+2)"", ""Direct Ownership (+1)""]","0.47","false","null","[248.0, 248.0, 246.0, 242.0, 240.0]","null","true","0.8","2026-05-20T16:10:52.399072+00:00"
"94","52","BYAN","","null","DIREKTUR","BUY","6000000","11900","71400000000","2026-05-18","2026-05-18","13406921870","13412921870","0.044753","true","null","https://www.idx.co.id/StaticData/NewsAndAnnouncement/ANNOUNCEMENTSTOCK/From_KSEI/LK-18052026-9153-00.pdf-0.pdf","9","[""DIREKTUR Buy (+3)"", ""Ultra Large Value (+5)"", ""Direct Ownership (+1)""]","0.55","false","null","[11200.0, 11200.0, 11900.0, 11450.0, 11200.0]","null","true","0.8","2026-05-20T16:11:09.183954+00:00"
"93","62","AKPI","","HENRY LIEM","DIREKTUR","SELL","297900","525","156397500","2026-05-18","2026-05-18","13094559","12796659","-2.274991","true","null","https://www.idx.co.id/StaticData/NewsAndAnnouncement/ANNOUNCEMENTSTOCK/From_KSEI/LK-18052026-1075-00.pdf-0.pdf","-2","[""Insider Sell (-2)""]","0.56","false","null","[535.0, 535.0, 525.0, 520.0, 520.0]","null","true","0.8","2026-05-20T16:11:09.334916+00:00"
"92","52","BYAN","","null","DIREKTUR","BUY","6000000","11900","71400000000","2026-05-18","2026-05-18","13406921870","13412921870","0.044753","true","null","https://www.idx.co.id/StaticData/NewsAndAnnouncement/ANNOUNCEMENTSTOCK/From_KSEI/LK-18052026-9153-00.pdf-0.pdf","9","[""DIREKTUR Buy (+3)"", ""Ultra Large Value (+5)"", ""Direct Ownership (+1)""]","0.55","false","null","[11200.0, 11200.0, 11900.0, 11450.0, 11200.0]","null","true","0.8","2026-05-20T16:11:09.303113+00:00"
"91","86","HEAL","","DR HASMORO","DIREKTUR","BUY","313000","1000","313000000","2026-05-18","2026-05-18","759475889","759788889","0.041213","true","null","https://www.idx.co.id/StaticData/NewsAndAnnouncement/ANNOUNCEMENTSTOCK/From_KSEI/LK-18052026-4213-00.pdf-0.pdf","5","[""DIREKTUR Buy (+3)"", ""Standard Value (+1)"", ""Direct Ownership (+1)""]","0.33","false","null","[1000.0, 1000.0, 1000.0, 1005.0, 990.0]","null","true","0.8","2026-05-20T16:11:07.729940+00:00"
"89","85","PACK","","PT ECO ENERGI PERKASA","","SELL","6836867700","342","2338208753400","2026-05-18","2026-05-18","19972772382","13135904682","-34.23094","true","null","https://www.idx.co.id/StaticData/NewsAndAnnouncement/ANNOUNCEMENTSTOCK/From_KSEI/LK-18052026-2077-00.pdf-0.pdf","-4","[""Insider Sell (-2)"", ""Large Value Sell (-2)""]","2.16","false","null","[312.0, 312.0, 342.0, 370.0, 334.0]","null","true","0.8","2026-05-20T16:11:05.418864+00:00"
"87","81","DRMA","","NOEL AELYO LARAS KUSUMA NEGARA","DIREKTUR","SELL","1370000","1010","1383700000","2026-05-18","2026-05-18","74025700","72655700","-1.850709","true","null","https://www.idx.co.id/StaticData/NewsAndAnnouncement/ANNOUNCEMENTSTOCK/From_KSEI/LK-18052026-9772-00.pdf-0.pdf","-2","[""Insider Sell (-2)""]","1.01","false","null","[990.0, 990.0, 1010.0, 1000.0, 990.0]","null","true","0.8","2026-05-20T16:11:00.352809+00:00"
"88","83","NASI","","HARTARTO CIPUTRA","","BUY","1850000","136","251600000","2026-05-18","2026-05-18","43575300","45425300","4.245524","true","null","https://www.idx.co.id/StaticData/NewsAndAnnouncement/ANNOUNCEMENTSTOCK/From_KSEI/LK-18052026-6928-00.pdf-0.pdf","2","[""Standard Value (+1)"", ""Direct Ownership (+1)""]","0.87","false","null","[137.0, 137.0, 136.0, 123.0, 125.0]","null","true","0.8","2026-05-20T16:11:04.248572+00:00"
"85","54","WINR","","PEMENANG NUSANTARA INTERNASIONAL","","SELL","5000000","28","140000000","2026-05-18","2026-05-18","3147142000","3142142000","-0.158874","true","null","https://www.idx.co.id/StaticData/NewsAndAnnouncement/ANNOUNCEMENTSTOCK/From_KSEI/LK-18052026-4808-00.pdf-0.pdf","-2","[""Insider Sell (-2)""]","0.3","false","null","[29.0, 29.0, 28.0, 29.0, 28.0]","null","true","0.8","2026-05-20T16:10:58.542797+00:00"
"86","54","WINR","","PEMENANG NUSANTARA INTERNASIONAL","","SELL","5000000","28","140000000","2026-05-18","2026-05-18","3147142000","3142142000","-0.158874","true","null","https://www.idx.co.id/StaticData/NewsAndAnnouncement/ANNOUNCEMENTSTOCK/From_KSEI/LK-18052026-4808-00.pdf-0.pdf","-2","[""Insider Sell (-2)""]","0.3","false","null","[29.0, 29.0, 28.0, 29.0, 28.0]","null","true","0.8","2026-05-20T16:10:58.315395+00:00"
"83","59","CYBR","","PATRICK RUDOLF DANNACHER","DIREKTUR","BUY","1005100","635","638238500","2026-05-18","2026-05-18","233625622","234630722","0.430218","true","null","https://www.idx.co.id/StaticData/NewsAndAnnouncement/ANNOUNCEMENTSTOCK/From_KSEI/LK-18052026-0750-00.pdf-0.pdf","6","[""DIREKTUR Buy (+3)"", ""Significant Value (+2)"", ""Direct Ownership (+1)""]","0.33","false","null","[650.0, 650.0, 635.0, 645.0, 595.0]","null","true","0.8","2026-05-20T16:10:57.334847+00:00"
"82","58","HILL","","HILLCON EQUITY MANAGEMENT","DIREKTUR","SELL","5000000","17","85000000","2026-05-18","2026-05-18","5523729700","5518729700","-0.090519","true","null","https://www.idx.co.id/StaticData/NewsAndAnnouncement/ANNOUNCEMENTSTOCK/From_KSEI/LK-18052026-6771-00.pdf-0.pdf","-2","[""Insider Sell (-2)""]","0.82","false","null","[18.0, 18.0, 17.0, 16.0, 16.0]","null","true","0.8","2026-05-20T16:10:53.752771+00:00"
"79","75","OMED","","YACOBUS JEMMY HARTANTO","DIREKTUR","BUY","3510000","246","863460000","2026-05-18","2026-05-18","255216600","258726600","1.375302","true","null","https://www.idx.co.id/StaticData/NewsAndAnnouncement/ANNOUNCEMENTSTOCK/From_KSEI/LK-18052026-9112-00.pdf-0.pdf","6","[""DIREKTUR Buy (+3)"", ""Significant Value (+2)"", ""Direct Ownership (+1)""]","0.47","false","null","[248.0, 248.0, 246.0, 242.0, 240.0]","null","true","0.8","2026-05-20T16:10:51.437473+00:00"
"97","88","DILD","","DRS LO KHENG HONG","","BUY","15179600","123","1867090800","2026-05-17","2026-05-17","718506700","733686300","2.112659","true","null","https://www.idx.co.id/StaticData/NewsAndAnnouncement/ANNOUNCEMENTSTOCK/From_KSEI/LK-17052026-7828-00.pdf-0.pdf","4","[""Large Value (+3)"", ""Direct Ownership (+1)""]","1.1","false","null","[123.0, 123.0, 123.0, 123.0, 123.0]","null","true","0.8","2026-05-20T16:11:10.556576+00:00"
"44","54","WINR","","PEMENANG NUSANTARA INTERNASIONAL","","SELL","16436500","29","476658500","2026-05-16","2026-05-16","3163578500","3147142000","-0.519554","true","null","https://www.idx.co.id/StaticData/NewsAndAnnouncement/ANNOUNCEMENTSTOCK/From_KSEI/LK-16052026-6269-00.pdf-0.pdf","-2","[""Insider Sell (-2)""]","0","false","null","[30.0, 29.0, 29.0, 29.0, 29.0]","null","true","0.8","2026-05-16T21:56:36.093039+00:00"
"43","54","WINR","","PEMENANG NUSANTARA INTERNASIONAL","","SELL","16436500","29","476658500","2026-05-16","2026-05-16","3163578500","3147142000","-0.519554","true","null","https://www.idx.co.id/StaticData/NewsAndAnnouncement/ANNOUNCEMENTSTOCK/From_KSEI/LK-16052026-6269-00.pdf-0.pdf","-2","[""Insider Sell (-2)""]","0","false","null","[30.0, 29.0, 29.0, 29.0, 29.0]","null","true","0.8","2026-05-16T21:56:35.345060+00:00"
"45","54","WINR","","PEMENANG NUSANTARA INTERNASIONAL","","SELL","16436500","29","476658500","2026-05-16","2026-05-16","3163578500","3147142000","-0.519554","true","null","https://www.idx.co.id/StaticData/NewsAndAnnouncement/ANNOUNCEMENTSTOCK/From_KSEI/LK-16052026-6269-00.pdf-0.pdf","-2","[""Insider Sell (-2)""]","0","false","null","[30.0, 29.0, 29.0, 29.0, 29.0]","null","true","0.8","2026-05-16T21:56:36.108288+00:00"
"47","54","WINR","","PEMENANG NUSANTARA INTERNASIONAL","","SELL","4825900","29","139951100","2026-05-15","2026-05-15","3168404400","3163578500","-0.152313","true","null","https://www.idx.co.id/StaticData/NewsAndAnnouncement/ANNOUNCEMENTSTOCK/From_KSEI/LK-15052026-1615-00.pdf-0.pdf","-2","[""Insider Sell (-2)""]","0","false","null","[30.0, 29.0, 29.0, 29.0, 29.0]","null","true","0.8","2026-05-16T21:56:42.204222+00:00"
"46","54","WINR","","PEMENANG NUSANTARA INTERNASIONAL","","SELL","4825900","29","139951100","2026-05-15","2026-05-15","3168404400","3163578500","-0.152313","true","null","https://www.idx.co.id/StaticData/NewsAndAnnouncement/ANNOUNCEMENTSTOCK/From_KSEI/LK-15052026-1615-00.pdf-0.pdf","-2","[""Insider Sell (-2)""]","0","false","null","[30.0, 29.0, 29.0, 29.0, 29.0]","null","true","0.8","2026-05-16T21:56:41.939458+00:00"
"13","52","BYAN","","ALASTAIR GORDON CHRISTOPHER MCLEOD","DIREKTUR","SELL","3000000","11200","33600000000","2026-05-15","2026-05-15","7000000","4000000","-42.857143","true","null","https://www.idx.co.id/StaticData/NewsAndAnnouncement/ANNOUNCEMENTSTOCK/From_KSEI/LK-15052026-7613-00.pdf-0.pdf","-4","[""Insider Sell (-2)"", ""Large Value Sell (-2)""]","0.29","false","null","[11250.0, 11200.0, 11850.0, 11400.0, 11200.0]","null","true","0.8","2026-05-15T15:59:48.931168+00:00"
"14","53","SRSN","","LUDIJANTO SETIJO","","SELL","49235300","72","3544941600","2026-05-15","2026-05-15","49235312","12","-99.999976","true","null","https://www.idx.co.id/StaticData/NewsAndAnnouncement/ANNOUNCEMENTSTOCK/From_KSEI/LK-15052026-9622-00.pdf-0.pdf","-2","[""Insider Sell (-2)""]","6.16","false","null","[69.0, 69.0, 68.0, 66.0, 72.0]","null","true","0.8","2026-05-15T15:59:51.456843+00:00"
"11","50","BABY","","MANOJ BHARWANI","DIREKTUR","BUY","2179680","208","453373440","2026-05-15","2026-05-15","150000","2329680","1453.12","true","null","https://www.idx.co.id/StaticData/NewsAndAnnouncement/ANNOUNCEMENTSTOCK/From_KSEI/LK-15052026-1922-00.pdf-0.pdf","10","[""DIREKTUR Buy (+3)"", ""Standard Value (+1)"", ""Direct Ownership (+1)"", ""Significant Stake Increase >10% (+2)"", ""Small Cluster: 2 Insiders (+3)""]","0.11","false","null","[208.0, 228.0, 226.0, 216.0, 208.0]","null","true","0.8","2026-05-15T15:59:41.619137+00:00"
"12","50","BABY","","MANOJ BHARWANI","DIREKTUR","BUY","2179680","208","453373440","2026-05-15","2026-05-15","150000","2329680","1453.12","true","null","https://www.idx.co.id/StaticData/NewsAndAnnouncement/ANNOUNCEMENTSTOCK/From_KSEI/LK-15052026-1922-00.pdf-0.pdf","10","[""DIREKTUR Buy (+3)"", ""Standard Value (+1)"", ""Direct Ownership (+1)"", ""Significant Stake Increase >10% (+2)"", ""Small Cluster: 2 Insiders (+3)""]","0.11","false","null","[208.0, 228.0, 226.0, 216.0, 208.0]","null","true","0.8","2026-05-15T15:59:41.658561+00:00"
"10","50","BABY","","Manoj Bharwani","","BUY","2179680","216","470810880","2026-05-12","2026-05-15","0","0","0","true","null","https://www.idx.co.id/StaticData/NewsAndAnnouncement/ANNOUNCEMENTSTOCK/From_EREP/202605/2d2ab0c6e1_3b728b3645.pdf","2","[""Standard Value (+1)"", ""Direct Ownership (+1)""]","0.11","false","null","[208.0, 228.0, 226.0, 216.0, 208.0]","null","false","1","2026-05-15T15:59:41.245921+00:00"
"23","58","HILL","","HILLCON EQUITY MANAGEMENT","DIREKTUR","SELL","2340800","18","42134400","2026-05-13","2026-05-13","5526070500","5523729700","-0.042359","true","null","https://www.idx.co.id/StaticData/NewsAndAnnouncement/ANNOUNCEMENTSTOCK/From_KSEI/LK-13052026-5935-00.pdf-0.pdf","-2","[""Insider Sell (-2)""]","2.01","false","null","[20.0, 20.0, 19.0, 19.0, 18.0]","null","true","0.8","2026-05-15T16:00:30.472146+00:00"
"22","57","BJBR","","AYI SUBARANA","DIREKTUR","BUY","111644","785","87640540","2026-05-13","2026-05-13","23500","135144","475.080851","true","null","https://www.idx.co.id/StaticData/NewsAndAnnouncement/ANNOUNCEMENTSTOCK/From_KSEI/LK-13052026-2030-00.pdf-0.pdf","11","[""DIREKTUR Buy (+3)"", ""Direct Ownership (+1)"", ""Significant Stake Increase >10% (+2)"", ""Strong Cluster: 4 Insiders (+5)""]","0.82","false","null","[809.46, 805.0, 800.0, 795.0, 785.0]","null","true","0.8","2026-05-15T16:00:21.738184+00:00"
"15","54","WINR","","PEMENANG NUSANTARA INTERNASIONAL","","SELL","16955000","29","491695000","2026-05-13","2026-05-13","3185359400","3168404400","-0.532279","true","null","https://www.idx.co.id/StaticData/NewsAndAnnouncement/ANNOUNCEMENTSTOCK/From_KSEI/LK-13052026-1214-00.pdf-0.pdf","-2","[""Insider Sell (-2)""]","0.44","false","null","[30.0, 30.0, 30.0, 29.0, 29.0]","null","true","0.8","2026-05-15T15:59:55.268521+00:00"
"16","55","CUAN","","PRAJOGO PANGESTU","","SELL","1000000000","850","850000000000","2026-05-13","2026-05-13","91353198700","90353198700","-1.094652","true","null","https://www.idx.co.id/StaticData/NewsAndAnnouncement/ANNOUNCEMENTSTOCK/From_KSEI/LK-13052026-0499-00.pdf-0.pdf","-4","[""Insider Sell (-2)"", ""Large Value Sell (-2)""]","1.66","false","null","[1190.0, 1120.0, 1030.0, 945.0, 850.0]","null","true","0.8","2026-05-15T15:59:58.588038+00:00"
"30","61","NSSS","","KURNIADI PATRIAWAN","DIREKTUR","BUY","476000000","765","364140000000","2026-05-13","2026-05-13","13098500","489098500","3634.003894","true","null","https://www.idx.co.id/StaticData/NewsAndAnnouncement/ANNOUNCEMENTSTOCK/From_KSEI/LK-13052026-3544-00.pdf-0.pdf","11","[""DIREKTUR Buy (+3)"", ""Ultra Large Value (+5)"", ""Direct Ownership (+1)"", ""Significant Stake Increase >10% (+2)""]","0.16","false","null","[805.0, 805.0, 805.0, 760.0, 765.0]","null","true","0.8","2026-05-15T16:01:08.034817+00:00"
"28","60","FORE","","FERRY SUDJONO","","BUY","4446300","980","4357374000","2026-05-13","2026-05-13","444456100","448902400","1.000391","true","null","https://www.idx.co.id/StaticData/NewsAndAnnouncement/ANNOUNCEMENTSTOCK/From_KSEI/LK-13052026-4265-00.pdf-0.pdf","4","[""Large Value (+3)"", ""Direct Ownership (+1)""]","0.57","false","null","[1010.0, 1025.0, 970.0, 985.0, 980.0]","null","true","0.8","2026-05-15T16:01:04.349225+00:00"
"21","57","BJBR","","RUDIE KUSMAYADI","DIREKTUR","BUY","133404","785","104722140","2026-05-13","2026-05-13","150714","284118","88.51467","true","null","https://www.idx.co.id/StaticData/NewsAndAnnouncement/ANNOUNCEMENTSTOCK/From_KSEI/LK-13052026-6193-00.pdf-0.pdf","12","[""DIREKTUR Buy (+3)"", ""Standard Value (+1)"", ""Direct Ownership (+1)"", ""Significant Stake Increase >10% (+2)"", ""Strong Cluster: 3 Insiders (+5)""]","0.82","false","null","[809.46, 805.0, 800.0, 795.0, 785.0]","null","true","0.8","2026-05-15T16:00:21.017233+00:00"
"26","4","AMRT","","PT AMANDA CIPTA PERSADA","","BUY","2117749600","1415","2996615684000","2026-05-13","2026-05-13","3710794900","5828544500","57.069972","true","null","https://www.idx.co.id/StaticData/NewsAndAnnouncement/ANNOUNCEMENTSTOCK/From_KSEI/LK-13052026-8826-00.pdf-0.pdf","10","[""Ultra Large Value (+5)"", ""Direct Ownership (+1)"", ""Significant Stake Increase >10% (+2)"", ""Significant Volume Sigma 2.78x (+2)""]","2.78","false","null","[1510.0, 1480.0, 1485.0, 1415.0, 1415.0]","null","true","0.8","2026-05-15T16:01:02.745380+00:00"
"24","59","CYBR","","ANDRI HUTAMA PUTRA","DIREKTUR","SELL","36100","650","23465000","2026-05-13","2026-05-13","16952100","16916000","-0.212953","true","null","https://www.idx.co.id/StaticData/NewsAndAnnouncement/ANNOUNCEMENTSTOCK/From_KSEI/LK-13052026-2197-00.pdf-0.pdf","-2","[""Insider Sell (-2)""]","0.4","false","null","[642.5, 625.0, 640.0, 650.0, 650.0]","null","true","0.8","2026-05-15T16:00:57.505037+00:00"
"34","63","YOII","","DANA PENSIUN BANK PEMBANGUNAN DAERAH JATENG","","SELL","62500000","96","6000000000","2026-05-13","2026-05-13","235870200","173370200","-26.497625","true","null","https://www.idx.co.id/StaticData/NewsAndAnnouncement/ANNOUNCEMENTSTOCK/From_KSEI/LK-13052026-7367-00.pdf-0.pdf","-4","[""Insider Sell (-2)"", ""Large Value Sell (-2)""]","6.06","false","null","[96.0, 95.0, 96.0, 112.0, 96.0]","null","true","0.8","2026-05-15T16:01:10.322696+00:00"
"32","62","AKPI","","HENRY LIEM","DIREKTUR","SELL","24200","535","12947000","2026-05-13","2026-05-13","13118759","13094559","-0.184469","true","null","https://www.idx.co.id/StaticData/NewsAndAnnouncement/ANNOUNCEMENTSTOCK/From_KSEI/LK-13052026-6261-00.pdf-0.pdf","-2","[""Insider Sell (-2)""]","1.49","false","null","[560.0, 545.0, 540.0, 530.0, 535.0]","null","true","0.8","2026-05-15T16:01:09.416614+00:00"
"20","57","BJBR","","HANA DARTIWAN","DIREKTUR","BUY","341324","785","267939340","2026-05-13","2026-05-13","380531","721855","89.696766","true","null","https://www.idx.co.id/StaticData/NewsAndAnnouncement/ANNOUNCEMENTSTOCK/From_KSEI/LK-13052026-7519-00.pdf-0.pdf","10","[""DIREKTUR Buy (+3)"", ""Standard Value (+1)"", ""Direct Ownership (+1)"", ""Significant Stake Increase >10% (+2)"", ""Small Cluster: 2 Insiders (+3)""]","0.82","false","null","[809.46, 805.0, 800.0, 795.0, 785.0]","null","true","0.8","2026-05-15T16:00:20.428437+00:00"
"19","57","BJBR","","HANA DARTIWAN","DIREKTUR","BUY","341324","785","267939340","2026-05-13","2026-05-13","380531","721855","89.696766","true","null","https://www.idx.co.id/StaticData/NewsAndAnnouncement/ANNOUNCEMENTSTOCK/From_KSEI/LK-13052026-7519-00.pdf-0.pdf","10","[""DIREKTUR Buy (+3)"", ""Standard Value (+1)"", ""Direct Ownership (+1)"", ""Significant Stake Increase >10% (+2)"", ""Small Cluster: 2 Insiders (+3)""]","0.82","false","null","[809.46, 805.0, 800.0, 795.0, 785.0]","null","true","0.8","2026-05-15T16:00:20.238975+00:00"
"18","57","BJBR","","TOMSI TOHIR, DRS, MSI","DIREKTUR","BUY","133404","785","104722140","2026-05-13","2026-05-13","150714","284118","88.51467","true","null","https://www.idx.co.id/StaticData/NewsAndAnnouncement/ANNOUNCEMENTSTOCK/From_KSEI/LK-13052026-4083-00.pdf-0.pdf","7","[""DIREKTUR Buy (+3)"", ""Standard Value (+1)"", ""Direct Ownership (+1)"", ""Significant Stake Increase >10% (+2)""]","0.82","false","null","[809.46, 805.0, 800.0, 795.0, 785.0]","null","true","0.8","2026-05-15T16:00:19.247606+00:00"
"17","55","CUAN","","PRAJOGO PANGESTU","","SELL","1000000000","850","850000000000","2026-05-13","2026-05-13","91353198700","90353198700","-1.094652","true","null","https://www.idx.co.id/StaticData/NewsAndAnnouncement/ANNOUNCEMENTSTOCK/From_KSEI/LK-13052026-0499-00.pdf-0.pdf","-4","[""Insider Sell (-2)"", ""Large Value Sell (-2)""]","1.66","false","null","[1190.0, 1120.0, 1030.0, 945.0, 850.0]","null","true","0.8","2026-05-15T15:59:58.799920+00:00"
"35","52","BYAN","","NEIL RUSSELL JOHN","DIREKTUR","SELL","3000000","11200","33600000000","2026-05-13","2026-05-13","5926500","2926500","-50.620096","true","null","https://www.idx.co.id/StaticData/NewsAndAnnouncement/ANNOUNCEMENTSTOCK/From_KSEI/LK-13052026-3123-00.pdf-0.pdf","-4","[""Insider Sell (-2)"", ""Large Value Sell (-2)""]","0.29","false","null","[11250.0, 11200.0, 11850.0, 11400.0, 11200.0]","null","true","0.8","2026-05-15T16:01:10.963597+00:00"
"33","62","AKPI","","HENRY LIEM","DIREKTUR","SELL","24200","535","12947000","2026-05-13","2026-05-13","13118759","13094559","-0.184469","true","null","https://www.idx.co.id/StaticData/NewsAndAnnouncement/ANNOUNCEMENTSTOCK/From_KSEI/LK-13052026-6261-00.pdf-0.pdf","-2","[""Insider Sell (-2)""]","1.49","false","null","[560.0, 545.0, 540.0, 530.0, 535.0]","null","true","0.8","2026-05-15T16:01:09.654178+00:00"
"31","61","NSSS","","SAMUEL TUMBUH BERSAMA","DIREKTUR","SELL","1310000000","765","1002150000000","2026-05-13","2026-05-13","8342811900","7032811900","-15.70214","true","null","https://www.idx.co.id/StaticData/NewsAndAnnouncement/ANNOUNCEMENTSTOCK/From_KSEI/LK-13052026-1789-00.pdf-0.pdf","-4","[""Insider Sell (-2)"", ""Large Value Sell (-2)""]","0.16","false","null","[805.0, 805.0, 805.0, 760.0, 765.0]","null","true","0.8","2026-05-15T16:01:08.537981+00:00"
"29","60","FORE","","FERRY SUDJONO","","BUY","4446300","980","4357374000","2026-05-13","2026-05-13","444456100","448902400","1.000391","true","null","https://www.idx.co.id/StaticData/NewsAndAnnouncement/ANNOUNCEMENTSTOCK/From_KSEI/LK-13052026-4265-00.pdf-0.pdf","4","[""Large Value (+3)"", ""Direct Ownership (+1)""]","0.57","false","null","[1010.0, 1025.0, 970.0, 985.0, 980.0]","null","true","0.8","2026-05-15T16:01:04.576311+00:00"
"27","4","AMRT","","SIGMANTARA ALFINDO","","SELL","2117749600","1415","2996615684000","2026-05-13","2026-05-13","18269532859","16151783259","-11.591701","true","null","https://www.idx.co.id/StaticData/NewsAndAnnouncement/ANNOUNCEMENTSTOCK/From_KSEI/LK-13052026-6778-00.pdf-0.pdf","-4","[""Insider Sell (-2)"", ""Large Value Sell (-2)""]","2.78","false","null","[1510.0, 1480.0, 1485.0, 1415.0, 1415.0]","null","true","0.8","2026-05-15T16:01:03.457051+00:00"
"25","4","AMRT","","PT AMANDA CIPTA PERSADA","","BUY","2117749600","1415","2996615684000","2026-05-13","2026-05-13","3710794900","5828544500","57.069972","true","null","https://www.idx.co.id/StaticData/NewsAndAnnouncement/ANNOUNCEMENTSTOCK/From_KSEI/LK-13052026-8826-00.pdf-0.pdf","10","[""Ultra Large Value (+5)"", ""Direct Ownership (+1)"", ""Significant Stake Increase >10% (+2)"", ""Significant Volume Sigma 2.78x (+2)""]","2.78","false","null","[1510.0, 1480.0, 1485.0, 1415.0, 1415.0]","null","true","0.8","2026-05-15T16:01:02.469428+00:00"
"38","65","IDEA","","IDEA ASIA INVESTAMA","","SELL","9719500","75","728962500","2026-05-12","2026-05-12","314223600","304504100","-3.09318","true","null","https://www.idx.co.id/StaticData/NewsAndAnnouncement/ANNOUNCEMENTSTOCK/From_KSEI/LK-12052026-6972-00.pdf-0.pdf","-2","[""Insider Sell (-2)""]","0.33","false","null","[80.0, 76.0, 76.0, 75.0, 72.0]","null","true","0.8","2026-05-15T16:01:22.995926+00:00"
"36","64","TAPG","","GEORGE OETOMO","DIREKTUR","BUY","500000","1890","945000000","2026-05-12","2026-05-12","55056100","55556100","0.908165","true","null","https://www.idx.co.id/StaticData/NewsAndAnnouncement/ANNOUNCEMENTSTOCK/From_KSEI/LK-12052026-1550-00.pdf-0.pdf","6","[""DIREKTUR Buy (+3)"", ""Significant Value (+2)"", ""Direct Ownership (+1)""]","1.25","false","null","[1970.0, 1850.0, 1875.0, 1890.0, 1890.0]","null","true","0.8","2026-05-15T16:01:11.559180+00:00"
"41","67","TRJA","","DAMAI INVESTAMA SUKSES","","SELL","977400","134","130971600","2026-05-12","2026-05-12","80474100","79496700","-1.214552","true","null","https://www.idx.co.id/StaticData/NewsAndAnnouncement/ANNOUNCEMENTSTOCK/From_KSEI/LK-12052026-3939-00.pdf-0.pdf","-2","[""Insider Sell (-2)""]","0.27","false","null","[138.0, 131.0, 133.0, 134.0, 133.0]","null","true","0.8","2026-05-15T16:01:26.067924+00:00"
"40","7","ASII","","PRIJONO SUGIARTO","DIREKTUR","BUY","178000","5850","1041300000","2026-05-12","2026-05-12","4123300","4301300","4.316931","true","null","https://www.idx.co.id/StaticData/NewsAndAnnouncement/ANNOUNCEMENTSTOCK/From_KSEI/LK-12052026-7694-00.pdf-0.pdf","7","[""DIREKTUR Buy (+3)"", ""Large Value (+3)"", ""Direct Ownership (+1)""]","1","false","null","[5850.0, 5825.0, 6050.0, 5850.0, 5750.0]","null","true","0.8","2026-05-15T16:01:24.317626+00:00"
"42","68","BULL","","WONG KEVIN","DIREKTUR","BUY","2000000","444","888000000","2026-05-12","2026-05-12","340837950","342837950","0.586789","true","null","https://www.idx.co.id/StaticData/NewsAndAnnouncement/ANNOUNCEMENTSTOCK/From_KSEI/LK-12052026-5442-00.pdf-0.pdf","6","[""DIREKTUR Buy (+3)"", ""Significant Value (+2)"", ""Direct Ownership (+1)""]","0.71","false","null","[496.0, 472.0, 460.0, 444.0, 468.0]","null","true","0.8","2026-05-15T16:01:26.586758+00:00"
"37","48","MEDS","","JEMMY KURNIAWAN","DIREKTUR","SELL","9500000","118","1121000000","2026-05-12","2026-05-12","899070900","889570900","-1.056646","true","null","https://www.idx.co.id/StaticData/NewsAndAnnouncement/ANNOUNCEMENTSTOCK/From_KSEI/LK-12052026-4389-00.pdf-0.pdf","-2","[""Insider Sell (-2)""]","0.93","false","null","[87.0, 117.0, 138.0, 118.0, 106.0]","null","true","0.8","2026-05-15T16:01:17.255302+00:00"
"39","66","SMDR","","SAMUDERA INDONESIA TANGGUH","","BUY","4574100","322","1472860200","2026-05-12","2026-05-12","9497848000","9502422100","0.048159","true","null","https://www.idx.co.id/StaticData/NewsAndAnnouncement/ANNOUNCEMENTSTOCK/From_KSEI/LK-12052026-2688-00.pdf-0.pdf","4","[""Large Value (+3)"", ""Direct Ownership (+1)""]","0.39","false","null","[342.0, 332.0, 324.0, 322.0, 322.0]","null","true","0.8","2026-05-15T16:01:23.648156+00:00"
"4","44","BJTM","","ARIF SUHIRMAN","DIREKTUR","BUY","100000","600","60000000","2026-04-09","2026-04-09","0","0","0","true","Investasi","https://www.idx.co.id/StaticData/NewsAndAnnouncement/ANNOUNCEMENTSTOCK/From_KSEI/LK-09042026-6185-00.pdf-0.pdf","4","[""DIREKTUR Buy (+3)"", ""Direct Ownership (+1)""]","null","false","null","null","null","false","1","2026-05-15T15:57:29.533295+00:00"
"3","43","PADA","","SIGIT KUNTJAHJO.AK","DIREKTUR","BUY","500000","150","75000000","2026-04-09","2026-04-09","0","0","0","true","Investasi","https://www.idx.co.id/StaticData/NewsAndAnnouncement/ANNOUNCEMENTSTOCK/From_KSEI/LK-09042026-4530-00.pdf-0.pdf","4","[""DIREKTUR Buy (+3)"", ""Direct Ownership (+1)""]","null","false","null","null","null","false","1","2026-05-15T15:57:29.533295+00:00"
"6","46","TAYS","","ANWAR TAY","DIREKTUR UTAMA","SELL","1000000","80","80000000","2026-04-08","2026-04-08","0","0","0","true","Investasi","https://www.idx.co.id/StaticData/NewsAndAnnouncement/ANNOUNCEMENTSTOCK/From_KSEI/LK-08042026-3997-00.pdf-0.pdf","-3","[""Insider Sell (-2)"", ""Key Management Sell (-1)""]","null","false","null","null","null","false","1","2026-05-15T15:57:29.533295+00:00"
"8","48","MEDS","","JEMMY KURNIAWAN","KOMISARIS","BUY","150000","50","7500000","2026-04-08","2026-04-08","0","0","0","true","Investasi","https://www.idx.co.id/StaticData/NewsAndAnnouncement/ANNOUNCEMENTSTOCK/From_KSEI/LK-08042026-8944-00.pdf-0.pdf","3","[""KOMISARIS Buy (+2)"", ""Direct Ownership (+1)""]","null","false","null","null","null","false","1","2026-05-15T15:57:29.533295+00:00"
"9","49","TRUK","","SUWITO","PENGENDALI","BUY","5000000","90","450000000","2026-04-08","2026-04-08","0","0","0","true","Investasi","https://www.idx.co.id/StaticData/NewsAndAnnouncement/ANNOUNCEMENTSTOCK/From_KSEI/LK-08042026-1606-00.pdf-0.pdf","5","[""PENGENDALI Buy (+3)"", ""Standard Value (+1)"", ""Direct Ownership (+1)""]","null","false","null","null","null","false","1","2026-05-15T15:57:29.533295+00:00"
"7","47","UVCR","","HADY KUSWANTO","DIREKTUR","BUY","300000","120","36000000","2026-04-08","2026-04-08","0","0","0","true","Investasi","https://www.idx.co.id/StaticData/NewsAndAnnouncement/ANNOUNCEMENTSTOCK/From_KSEI/LK-08042026-2482-00.pdf-0.pdf","4","[""DIREKTUR Buy (+3)"", ""Direct Ownership (+1)""]","null","false","null","null","null","false","1","2026-05-15T15:57:29.533295+00:00"
"5","45","WGSH","","WYNFIELD GLOBAL VENTURES","PENGENDALI","BUY","2000000","100","200000000","2026-04-08","2026-04-08","0","0","0","true","Investasi","https://www.idx.co.id/StaticData/NewsAndAnnouncement/ANNOUNCEMENTSTOCK/From_KSEI/LK-08042026-5269-00.pdf-0.pdf","5","[""PENGENDALI Buy (+3)"", ""Standard Value (+1)"", ""Direct Ownership (+1)""]","null","false","null","null","null","false","1","2026-05-15T15:57:29.533295+00:00"
"2","null","GOTO","null","Patrick Sugito Walujo","DIREKTUR","BUY","500000","60","30000000","2026-04-05","2026-04-06","50000000","50500000","1","true","Investasi","https://www.idx.co.id/filings/67890.pdf","4","[""DIREKTUR Buy (+3)"", ""Direct Ownership (+1)""]","null","false","null","null","null","false","1","2026-05-15T15:57:20.078103+00:00"
"1","null","BBCA","null","Jahja Setiaatmadja","DIREKTUR","BUY","10000","9000","90000000","2026-04-01","2026-04-02","1000000","1010000","1","true","Investasi","https://www.idx.co.id/filings/12345.pdf","4","[""DIREKTUR Buy (+3)"", ""Direct Ownership (+1)""]","null","false","null","null","null","false","1","2026-05-15T15:57:20.078103+00:00"